<Ui xmlns="http://www.blizzard.com/wow/ui/">

	<Script file="Config.lua"/>
	
	<Script file="Modules\Announcements\BadGear.lua"/>
	<Script file="Modules\Announcements\Interrupts.lua"/>
	<Script file="Modules\Announcements\SaySapped.lua"/>
	
	<Script file="Modules\Automation\AutoInvite.lua"/>
	<Script file="Modules\Automation\AutoOpens.lua"/>
	<Script file="Modules\Automation\AutoRelease.lua"/>
	<Script file="Modules\Automation\DeclineDuel.lua"/>
	
	<Script file="Modules\Blizzard\Achievements.lua"/>
	<Script file="Modules\Blizzard\Altpowerbar.lua"/>
	<Script file="Modules\Blizzard\CaptureBar.lua"/>
	<Script file="Modules\Blizzard\FriendList.lua"/>
	<Script file="Modules\Blizzard\MoveBlizzFrames.lua"/>
	
	<Script file="Modules\Misc\AFK.lua"/>
	<Script file="Modules\Misc\AlreadyKnown.lua"/>
	<Script file="Modules\Misc\HatTrick.lua"/>
	<Script file="Modules\Misc\LFGQueueTimer.lua"/>
	<Script file="Modules\Misc\Mail.lua"/>
	<Script file="Modules\Misc\Merchant.lua"/>
	<Script file="Modules\Misc\Misc.lua"/>
	<Script file="Modules\Misc\Mounts.lua"/>
	<Script file="Modules\Misc\OneClickDisenchanting.lua"/>
	<Script file="Modules\Misc\OneClickEnchantScroll.lua"/>
	<Script file="Modules\Misc\PaperdollStats.lua"/>
	<Script file="Modules\Misc\ProfessionTabs.lua"/>
	
	<Script file="Modules\Quests\AutoCollapse.lua"/>
	<Script file="Modules\Quests\ObjectiveTracker.lua"/>
	<Script file="Modules\Quests\WowheadLink.lua"/>
	
	<Script file="Skins\Addons.lua"/>
	<Script file="Skins\Character.lua"/>
	
</Ui>