<Ui xmlns="http://www.blizzard.com/wow/ui/">
	<Script file="Core\Init.lua"/>
	<Script file="Core\Constants.lua"/>
	
	<Script file="Config\Settings.lua"/>
	<Script file="Config\Positions.lua"/>
	<Script file="Config\Fonts.lua"/>
	<Script file="Config\Profiles.lua"/>
	
	<Script file="Core\GUI.lua"/>
	<Script file="Core\PixelPerfect.lua"/>
	
	<Include file="Libs\oUF\oUF.xml"/>
	
	<Script file="Core\Colors.lua"/>

	<Script file="Locales\English.lua"/>
	<Script file="Locales\Chinese.lua"/>
	<Script file="Locales\French.lua"/>
	<Script file="Locales\German.lua"/>
	<Script file="Locales\Italian.lua"/>
	<Script file="Locales\Russian.lua"/>
	<Script file="Locales\Spanish.lua"/>
	<Script file="Locales\Taiwan.lua"/>

	<Script file="Config\Filters\Announcements.lua"/>
	<Script file="Config\Filters\ChatSpam.lua"/>
	<Script file="Config\Filters\Errors.lua"/>
	<Script file="Config\Filters\Nameplates.lua"/>
	<Script file="Config\Filters\NeedItems.lua"/>
	<Script file="Config\Filters\OpenItems.lua"/>
	
	<Script file="Core\API.lua"/>
	<Script file="Core\Functions.lua"/>
	<Script file="Core\Install.lua"/>
	<Script file="Core\Kill.lua"/>
	<Script file="Core\Commands.lua"/>
	
	<Script file="Core\WTF.lua"/>
	<Script file="Core\Temp.lua"/>
	<Script file="Core\CheckVersion.lua"/>
</Ui>