<Ui xmlns="http://www.blizzard.com/wow/ui/">

	<!-- basic widgets -->
	<Script file="basic.lua"/>
	
	<!-- custom widgets -->
	<Script file="auraEditor.lua"/>
	<Script file="fontSelector.lua"/>
	<Script file="statusbarSelector.lua"/>
	<Script file="profileSelector.lua"/>
	<Script file="tabPanel.lua"/>
	<!--
		Tab Panel template, basically a direct copy of the OptionsFrameList template
		Why XML?  Because when I tried making this manually it looked a bit funny :P
	-->
	<Frame name="OmniCC_TabPanelTemplate" virtual="true">
		<Layers>
			<Layer level="BACKGROUND">
				<!-- Yay. It's a backdrop. -->
				<Texture name="$parentTopLeft" file="Interface\Tooltips\UI-Tooltip-Border">
					<Size>
						<AbsDimension x="16" y="16"/>
					</Size>
					<Anchors>
						<Anchor point="TOPLEFT"/>
					</Anchors>
					<TexCoords left="0.5" right="0.625" top="0" bottom="1"/>
				</Texture>
				<Texture name="$parentBottomLeft" file="Interface\Tooltips\UI-Tooltip-Border">
					<Size>
						<AbsDimension x="16" y="16"/>
					</Size>
					<Anchors>
						<Anchor point="BOTTOMLEFT"/>
					</Anchors>
					<TexCoords left="0.75" right="0.875" top="0" bottom="1"/>
				</Texture>
				<Texture name="$parentBottomRight" file="Interface\Tooltips\UI-Tooltip-Border">
					<Size>
						<AbsDimension x="16" y="16"/>
					</Size>
					<Anchors>
						<Anchor point="BOTTOMRIGHT"/>
					</Anchors>
					<TexCoords left="0.875" right="1" top="0" bottom="1"/>
				</Texture>
				<Texture name="$parentTopRight" file="Interface\Tooltips\UI-Tooltip-Border">
					<Size>
						<AbsDimension x="16" y="16"/>
					</Size>
					<Anchors>
						<Anchor point="TOPRIGHT"/>
					</Anchors>
					<TexCoords left="0.625" right="0.75" top="0" bottom="1"/>
				</Texture>
				<Texture name="$parentLeft" file="Interface\Tooltips\UI-Tooltip-Border">
					<Anchors>
						<Anchor point="TOPLEFT" relativeTo="$parentTopLeft" relativePoint="BOTTOMLEFT"/>
						<Anchor point="BOTTOMRIGHT" relativeTo="$parentBottomLeft" relativePoint="TOPRIGHT"/>
					</Anchors>
					<TexCoords left="0" right="0.125" top="0" bottom="1"/>
				</Texture>
				<Texture name="$parentRight" file="Interface\Tooltips\UI-Tooltip-Border">
					<Anchors>
						<Anchor point="TOPLEFT" relativeTo="$parentTopRight" relativePoint="BOTTOMLEFT"/>
						<Anchor point="BOTTOMRIGHT" relativeTo="$parentBottomRight" relativePoint="TOPRIGHT"/>
					</Anchors>
					<TexCoords left="0.125" right="0.25" top="0" bottom="1"/>
				</Texture>
				<Texture name="$parentBottom" file="Interface\OptionsFrame\UI-OptionsFrame-Spacer">
					<Size>
						<AbsDimension x="0" y="16"/>
					</Size>
					<Anchors>
						<Anchor point="BOTTOMLEFT" relativeTo="$parentBottomLeft" relativePoint="BOTTOMRIGHT">
							<Offset>
								<AbsDimension x="0" y="-2"/>
							</Offset>
						</Anchor>
						<Anchor point="BOTTOMRIGHT" relativeTo="$parentBottomRight" relativePoint="BOTTOMLEFT"/>
					</Anchors>
				</Texture>
				<Texture name="$parentTop" file="Interface\OptionsFrame\UI-OptionsFrame-Spacer" hidden="true">
					<Size>
						<AbsDimension x="0" y="16"/>
					</Size>
					<Anchors>
						<Anchor point="TOPLEFT" relativeTo="$parentTopLeft" relativePoint="TOPRIGHT">
							<Offset>
								<AbsDimension x="0" y="7"/>
							</Offset>
						</Anchor>
						<Anchor point="TOPRIGHT" relativeTo="$parentTopRight" relativePoint="TOPLEFT"/>
					</Anchors>
				</Texture>
			</Layer>
		</Layers>
		<Frames/>
		<Scripts>
			<OnLoad>
				self:SetBackdropBorderColor(0.6, 0.6, 0.6, 1);
				_G[self:GetName() .. "Bottom"]:SetVertexColor(0.66, 0.66, 0.66);
			</OnLoad>
		</Scripts>
	</Frame>
</Ui>